name,description,epoch,val_x,val_y,val_z,val_mean,ood_x,ood_y,ood_z,ood_mean,time_min
full,Full PINN (EDC + C4v sym),299,0.013178392313420773,0.015195765532553196,0.04039773344993591,0.022923963144421577,6.103619575500488,6.170053482055664,3.339313268661499,5.204329013824463,12.267708237965902
no_sym,PINN w/o symmetry loss,294,0.00970417633652687,0.010193515568971634,0.0303203035145998,0.01673933118581772,10.434840202331543,9.852961540222168,1.5839509963989258,7.290584564208984,5.440029486020406
